N;f(N);P_Newton(N);P_factorial(N);|f-P|
10000.0;7.685793;7.685793;7.685793;8.882e-16
15000.0;13.744287;14.064011;14.064011;3.197e-01
20000.0;20.759967;21.173198;21.173198;4.132e-01
25000.0;28.585833;28.975679;28.975679;3.898e-01
30000.0;37.124464;37.435426;37.435426;3.110e-01
35000.0;46.305329;46.518054;46.518054;2.127e-01
40000.0;56.074401;56.190821;56.190821;1.164e-01
45000.0;66.388635;66.422633;66.422633;3.400e-02
50000.0;77.212719;77.184036;77.184036;2.868e-02
55000.0;88.517031;88.447223;88.447223;6.981e-02
60000.0;100.276273;100.186030;100.186030;9.024e-02
65000.0;112.468523;112.375938;112.375938;9.258e-02
70000.0;125.074554;124.994072;124.994072;8.048e-02
75000.0;138.077332;138.019201;138.019201;5.813e-02
80000.0;151.461632;151.431739;151.431739;2.989e-02
85000.0;165.213743;165.213743;165.213743;0.000e+00
90000.0;179.321236;179.348915;179.348915;2.768e-02
95000.0;193.772781;193.822602;193.822602;4.982e-02
100000.0;208.557990;208.621795;208.621795;6.380e-02
105000.0;223.667304;223.735127;223.735127;6.782e-02
110000.0;239.091880;239.152879;239.152879;6.100e-02
115000.0;254.823516;254.866973;254.866973;4.346e-02
120000.0;270.854572;270.870977;270.870977;1.640e-02
125000.0;287.177913;287.160103;287.160103;1.781e-02
130000.0;303.786855;303.731207;303.731207;5.565e-02
135000.0;320.675119;320.582790;320.582790;9.233e-02
140000.0;337.836796;337.714996;337.714996;1.218e-01
145000.0;355.266308;355.129614;355.129614;1.367e-01
150000.0;372.958383;372.830077;372.830077;1.283e-01
155000.0;390.908025;390.821463;390.821463;8.656e-02
160000.0;409.110493;409.110493;409.110493;5.684e-14
