month;temp;e_m1;e_m2;e_m3;e_m4
1;-2.0;9.84333;7.41385;5.13077;-7.88590
2;0.0;8.12507;6.32936;5.23746;3.53963
3;5.0;3.40681;2.18727;2.01581;7.00639
4;10.0;-1.31145;-2.01245;-1.50839;6.56914
5;15.0;-6.02971;-6.26978;-5.30936;3.17977
6;20.0;-10.74797;-10.58472;-9.36133;-2.31277
7;23.0;-13.46623;-12.95729;-11.63849;-7.16240
8;22.0;-12.18449;-11.38747;-10.11508;-8.72595
9;17.0;-6.90275;-5.87526;-4.76531;-6.46313
10;10.0;0.37899;1.57933;2.43661;-1.93658
11;5.0;5.66072;6.97630;7.51645;1.18819
12;0.0;10.94246;12.31565;12.50000;5.14275
13;-10.0;21.22420;22.59739;22.41304;15.05580
14;3.0;8.50594;9.82151;9.28136;2.95310
15;7.0;4.78768;5.98802;5.13074;0.75755
16;13.0;-0.93058;0.09691;-1.01304;-2.71087
17;19.0;-6.64884;-5.85182;-7.12420;-5.73507
18;20.0;-7.36710;-6.85816;-8.17695;-3.70087
19;22.0;-9.08536;-8.92212;-10.14552;-3.09696
20;21.0;-7.80362;-8.04369;-9.00410;-0.51497
21;18.0;-4.52188;-5.22288;-5.72694;2.35060
22;15.0;-1.24014;-2.45969;-2.28823;2.70235
23;10.0;4.04159;2.24589;3.33779;1.63997
24;3.0;11.32333;8.89385;11.17692;-1.83974
