lat,lon,elev
48.164214,24.536044,0.0
48.164983,24.534836,0.0
48.165605,24.534068,0.0
48.166228,24.532915,0.0
48.166777,24.531927,0.0
48.167326,24.530884,0.0
48.167011,24.530061,0.0
48.166053,24.528039,0.0
48.166655,24.526064,0.0
48.166497,24.523574,0.0
48.166128,24.520214,0.0
48.165416,24.517170,0.0
48.164546,24.514640,0.0
48.163412,24.512980,0.0
48.162331,24.511715,0.0
48.162015,24.509462,0.0
48.162147,24.506932,0.0
48.161751,24.504244,0.0
48.161197,24.501793,0.0
48.160580,24.500537,0.0
48.160250,24.500106,0.0
